TxHash,BlockNumber,UnixTimestamp,FromAddress,ToAddress,ContractAddress,Type,Value,Fee,Status,ErrCode,CurrentPrice,TxDateOpeningPrice,TxDateClosingPrice,MethodName
0x1c6135096ec0afec14f470cb93f099e6d878b0c0786fac4fd63e4cb15564cd58,19816018,2025-08-05 02:27:07.000000Z,0xaBCdEF61D71b290D02B1636f58Be95a1A94599Aa,0xf18485f75551FFCa4011C32a0885ea8C22336840,,IN,0,1350362553758,ok,,4053.63,3720.93,3717.67,registerLootOperation
0x5c5bf1320781be2a4d4d35b596009fa4eda02b17efd76057bb9365ec26db8b95,19816018,2025-08-05 02:27:07.000000Z,0xaBCdEF61D71b290D02B1636f58Be95a1A94599Aa,0xf18485f75551FFCa4011C32a0885ea8C22336840,,IN,0,1350114258759,ok,,4053.63,3720.93,3717.67,registerLootOperation
0x5175e20e2943682ed6ac3c4f89ce5f81e49feabd08c59b399350bb445a3a668d,19816018,2025-08-05 02:27:07.000000Z,0xaBCdEF61D71b290D02B1636f58Be95a1A94599Aa,0xf18485f75551FFCa4011C32a0885ea8C22336840,,IN,0,1350362553758,ok,,4053.63,3720.93,3717.67,registerLootOperation
0xebb6473286bcb14a42d781cc7f9fcd67afb0a6a06fd0c99adde781e564561bff,19816018,2025-08-05 02:27:07.000000Z,0xaBCdEF61D71b290D02B1636f58Be95a1A94599Aa,0xf18485f75551FFCa4011C32a0885ea8C22336840,,IN,0,1349948728760,ok,,4053.63,3720.93,3717.67,registerLootOperation
0x673da64a2f70c015c3bb69e779419bcf779b3294a7b42f688e0fa8bfa546cd55,19816018,2025-08-05 02:27:07.000000Z,0xaBCdEF61D71b290D02B1636f58Be95a1A94599Aa,0xf18485f75551FFCa4011C32a0885ea8C22336840,,IN,0,1350362553758,ok,,4053.63,3720.93,3717.67,registerLootOperation
0x75da7e7fe25f504012359b4348709e9b5cf501657689a60af11e0799c563dcde,19816018,2025-08-05 02:27:07.000000Z,0xaBCdEF61D71b290D02B1636f58Be95a1A94599Aa,0xf18485f75551FFCa4011C32a0885ea8C22336840,,IN,0,1350362553758,ok,,4053.63,3720.93,3717.67,registerLootOperation
0x7be367226f30286ac34f2f4a98619b34e0d7f87da7aa0aa5593d24e80aed5010,19816018,2025-08-05 02:27:07.000000Z,0xaBCdEF61D71b290D02B1636f58Be95a1A94599Aa,0xf18485f75551FFCa4011C32a0885ea8C22336840,,IN,0,1350279788759,ok,,4053.63,3720.93,3717.67,registerLootOperation
0xf0be61bb741ff9642530c27eb16676f824261c9c1235c73290882f975ddee4f3,19816018,2025-08-05 02:27:07.000000Z,0xaBCdEF61D71b290D02B1636f58Be95a1A94599Aa,0xf18485f75551FFCa4011C32a0885ea8C22336840,,IN,0,1350362553758,ok,,4053.63,3720.93,3717.67,registerLootOperation
0xbe6385988e800e07841f750eac3c732c625aa8a4f99a16710c7f3152f3811db8,19816018,2025-08-05 02:27:07.000000Z,0xaBCdEF61D71b290D02B1636f58Be95a1A94599Aa,0xf18485f75551FFCa4011C32a0885ea8C22336840,,IN,0,1350362553758,ok,,4053.63,3720.93,3717.67,registerLootOperation
0xb869e60029bddf9af25beb58fd45890121d18f5e1f2d1512674e490030f13716,19816018,2025-08-05 02:27:07.000000Z,0xaBCdEF61D71b290D02B1636f58Be95a1A94599Aa,0xf18485f75551FFCa4011C32a0885ea8C22336840,,IN,0,1350362553758,ok,,4053.63,3720.93,3717.67,registerLootOperation
0xc522086e42abd524b23b8587785c98ab8b99150d9ea58d785d96d0d28b7fc1e3,19816015,2025-08-05 02:27:01.000000Z,0xaBCdEF61D71b290D02B1636f58Be95a1A94599Aa,0xf18485f75551FFCa4011C32a0885ea8C22336840,,IN,0,1353638435319,ok,,4053.63,3720.93,3717.67,registerLootOperation
0xb9d9004a0f2e593071d3720794948328f937574e683febe3fa940601a6b249ba,19816015,2025-08-05 02:27:01.000000Z,0xaBCdEF61D71b290D02B1636f58Be95a1A94599Aa,0xf18485f75551FFCa4011C32a0885ea8C22336840,,IN,0,1353624023139,ok,,4053.63,3720.93,3717.67,registerLootOperation
0x809c2e377024b6739421ba1e27bf76dfd95d6f0e96517ecb4b954c6e86eed60f,19816015,2025-08-05 02:27:01.000000Z,0xaBCdEF61D71b290D02B1636f58Be95a1A94599Aa,0xf18485f75551FFCa4011C32a0885ea8C22336840,,IN,0,1353624023139,ok,,4053.63,3720.93,3717.67,registerLootOperation
0x546f90b61b81ed2c69d4fa93e19a5c716de29a4784d74bd5212f0b9a0f83e190,19816015,2025-08-05 02:27:01.000000Z,0xaBCdEF61D71b290D02B1636f58Be95a1A94599Aa,0xf18485f75551FFCa4011C32a0885ea8C22336840,,IN,0,1353638435319,ok,,4053.63,3720.93,3717.67,registerLootOperation
0xcba5ee30db2a654c6b3ea0c61f3abfe556347312c1b8c832b5db863699dc478a,19816015,2025-08-05 02:27:01.000000Z,0xaBCdEF61D71b290D02B1636f58Be95a1A94599Aa,0xf18485f75551FFCa4011C32a0885ea8C22336840,,IN,0,1353465224300,ok,,4053.63,3720.93,3717.67,registerLootOperation
0xa4a626516c36d7fffbd0b977b2393e170fe2782834074c967ad8ac7c956b361e,19816015,2025-08-05 02:27:01.000000Z,0xaBCdEF61D71b290D02B1636f58Be95a1A94599Aa,0xf18485f75551FFCa4011C32a0885ea8C22336840,,IN,0,1353638435319,ok,,4053.63,3720.93,3717.67,registerLootOperation
0x8f5f7af374819ef12d41e4e66b8b0aeeb86c0a2107d8c454fe899b777873a61c,19816015,2025-08-05 02:27:01.000000Z,0xaBCdEF61D71b290D02B1636f58Be95a1A94599Aa,0xf18485f75551FFCa4011C32a0885ea8C22336840,,IN,0,1353638435319,ok,,4053.63,3720.93,3717.67,registerLootOperation
0x0fe092dfd0ccc970b231c869746cb97a8491d17881518f0182d20ec2bd7873f1,19816015,2025-08-05 02:27:01.000000Z,0xaBCdEF61D71b290D02B1636f58Be95a1A94599Aa,0xf18485f75551FFCa4011C32a0885ea8C22336840,,IN,0,1353638435319,ok,,4053.63,3720.93,3717.67,registerLootOperation
0x13e3781ce93f4bab35c4f44ad2265ed228768620358029cb9b7a4cff0c638e71,19816015,2025-08-05 02:27:01.000000Z,0xaBCdEF61D71b290D02B1636f58Be95a1A94599Aa,0xf18485f75551FFCa4011C32a0885ea8C22336840,,IN,0,1353638435319,ok,,4053.63,3720.93,3717.67,registerLootOperation
0x28a27e78ec2caafe88e1bb98298a2a054946357b6f2ef9e5ac99c1fd868cafb3,19816015,2025-08-05 02:27:01.000000Z,0xaBCdEF61D71b290D02B1636f58Be95a1A94599Aa,0xf18485f75551FFCa4011C32a0885ea8C22336840,,IN,0,1353638435319,ok,,4053.63,3720.93,3717.67,registerLootOperation
0xa84dd1ae0024e4867514a858f0e8ef27e2bd39077cd4925b788b5b7a3736a2a7,19815894,2025-08-05 02:22:59.000000Z,0xaBCdEF61D71b290D02B1636f58Be95a1A94599Aa,0xf18485f75551FFCa4011C32a0885ea8C22336840,,IN,0,3620957000575,ok,,4053.63,3720.93,3717.67,registerLootOperation
0x78e36c6e480790bd64c4ee3973c22c593b349c943a265d6f3bb340cd1cf1188c,19815894,2025-08-05 02:22:59.000000Z,0xaBCdEF61D71b290D02B1636f58Be95a1A94599Aa,0xf18485f75551FFCa4011C32a0885ea8C22336840,,IN,0,3619010598235,ok,,4053.63,3720.93,3717.67,registerLootOperation
0x4612d09726a28920fe31ca38ac4dc513d2ec5c0d8ef2ed47677380aed055895f,19815894,2025-08-05 02:22:59.000000Z,0xaBCdEF61D71b290D02B1636f58Be95a1A94599Aa,0xf18485f75551FFCa4011C32a0885ea8C22336840,,IN,0,3595626824557,ok,,4053.63,3720.93,3717.67,registerLootOperation
0x8260c5aa6807791f8f5c1253240a83536e4b5b99d3dee9864fb74e786b1fa5cf,19815691,2025-08-05 02:16:13.000000Z,0xaBCdEF61D71b290D02B1636f58Be95a1A94599Aa,0xf18485f75551FFCa4011C32a0885ea8C22336840,,IN,0,1363354001363,ok,,4053.63,3720.93,3717.67,registerLootOperation
0x0c2a6cc2d5667015ff54eaa762d3a8877adb48a6254e9bb1eb2c86c6daf05ed4,19815691,2025-08-05 02:16:13.000000Z,0xaBCdEF61D71b290D02B1636f58Be95a1A94599Aa,0xf18485f75551FFCa4011C32a0885ea8C22336840,,IN,0,203273729993,ok,,4053.63,3720.93,3717.67,registerRevealSeed
0x271eab967dea6ba8c3b74c635f6f9875e525d9e5855bb2335d773836acb4fe6d,19808497,2025-08-04 22:16:25.000000Z,0x0008C1e367B0b89A211401DB773AFD3B7025AdDF,0xf18485f75551FFCa4011C32a0885ea8C22336840,,IN,0,65527557602,ok,,4053.63,3497.6,3500.47,updateOwner
0x982d607cf10c1e48653bf079b79f1122a3d87cd3446a14fcd41243e7b4cd5f92,19808455,2025-08-04 22:15:01.000000Z,0x0008C1e367B0b89A211401DB773AFD3B7025AdDF,0xf18485f75551FFCa4011C32a0885ea8C22336840,,IN,0,54826168453,ok,,4053.63,3497.6,3500.47,changeAdmin
0x4d2152b717ee140719327685982b0fea1665327d8ab622aa1fc733e66a0a7a84,19808446,2025-08-04 22:14:43.000000Z,0x0008C1e367B0b89A211401DB773AFD3B7025AdDF,,0xf18485f75551FFCa4011C32a0885ea8C22336840,,0,1568869406929,ok,,4053.63,3497.6,3500.47,
